name,job_url,hiring_firm,hiring_firm_url,job_function,title,date_posted,Location,Job type,Industry,Salary,details,info
Job Seekers,https://www.jobberman.com.gh,Job Seekers,https://www.jobberman.com.gh/jobs?q=Job%20Seekers,,Job Seekers,,,Full Time,,,[],[]
Job Seekers,https://www.jobberman.com.gh,Job Seekers,https://www.jobberman.com.gh/jobs?q=Job%20Seekers,,Job Seekers,,,Full Time,,,[],[]
Job Seekers,https://www.jobberman.com.gh/job-seeker,Job Seekers,https://www.jobberman.com.gh/jobs?q=Job%20Seekers,,Job Seekers,,,Full Time,,,[],[]
Job Seekers,https://www.jobberman.com.gh/job-seeker,Job Seekers,https://www.jobberman.com.gh/jobs?q=Job%20Seekers,,Job Seekers,,,Full Time,,,[],[]
Career,https://www.jobberman.com.gh/discover,Career Development,https://www.jobberman.com.gh/jobs?q=Career%20Development,,Career,,,Full Time,,,[],[]
Employers,https://www.jobberman.com.gh/employer,Skills Assessments,https://www.jobberman.com.gh/jobs?q=Skills%20Assessments,,Employers,,,Full Time,,,[],[]
Help Center,https://help-center.jobberman.com.gh/portal/en/home,Help Center,https://www.jobberman.com.gh/jobs?q=Help%20Center,,Help Center,,,Full Time,,,[],[]
Sign Up,https://www.jobberman.com.gh/account/login,Sign Up,https://www.jobberman.com.gh/jobs?q=Sign%20Up,,Sign Up,,,Full Time,,,[],[]
Vehicle Maintenance and Appearance Officer,https://www.jobberman.com.gh/listings/vehicle-maintenance-and-appearance-officer-k8j742,Vehicle Maintenance and Appearance Officer,https://www.jobberman.com.gh/jobs?q=Vehicle%20Maintenance%20and%20Appearance%20Officer,Job Function: Driver & Transport Services,Vehicle Maintenance and Appearance Officer,,Accra & Tema Region,Part Time,Driver & Transport Services,Confidential,[],[]
Vehicle Maintenance and Appearance Officer,https://www.jobberman.com.gh/listings/vehicle-maintenance-and-appearance-officer-k8j742,Vehicle Maintenance and Appearance Officer,https://www.jobberman.com.gh/jobs?q=Vehicle%20Maintenance%20and%20Appearance%20Officer,,Vehicle Maintenance and Appearance Officer,,,Full Time,,,[],[]
Marketing and Sales Officer,https://www.jobberman.com.gh/listings/marketing-and-sales-officer-gwxmn8,Marketing and Sales Officer,https://www.jobberman.com.gh/jobs?q=Marketing%20and%20Sales%20Officer,Job Function: Sales,Marketing and Sales Officer,,Accra & Tema Region,Full Time,Sales,Confidential,[],[]
Marketing and Sales Officer,https://www.jobberman.com.gh/listings/marketing-and-sales-officer-gwxmn8,Marketing and Sales Officer,https://www.jobberman.com.gh/jobs?q=Marketing%20and%20Sales%20Officer,,Marketing and Sales Officer,,,Full Time,,,[],[]
Security Officer,https://www.jobberman.com.gh/listings/security-officer-zpm8m9,Security Officer,https://www.jobberman.com.gh/jobs?q=Security%20Officer,Job Function: Health & Safety,Security Officer,,Accra & Tema Region,Full Time,Health & Safety,Confidential,[],[]
Security Officer,https://www.jobberman.com.gh/listings/security-officer-zpm8m9,Security Officer,https://www.jobberman.com.gh/jobs?q=Security%20Officer,,Security Officer,,,Full Time,,,[],[]
Sales Executive,https://www.jobberman.com.gh/listings/sales-executive-pmvgvq,Sales Executive,https://www.jobberman.com.gh/jobs?q=Sales%20Executive,Job Function: Sales,Sales Executive,,Kumasi & Ashanti Region,Full Time,Sales,Confidential,[],[]
Sales Executive,https://www.jobberman.com.gh/listings/sales-executive-pmvgvq,Sales Executive,https://www.jobberman.com.gh/jobs?q=Sales%20Executive,,Sales Executive,,,Full Time,,,[],[]
Social Studies/RME Teacher (JHS),https://www.jobberman.com.gh/listings/social-studiesrme-teacher-jhs-xpr8rw,Social Studies/RME Teacher (JHS),https://www.jobberman.com.gh/jobs?q=Social%20Studies/RME%20Teacher%20(JHS),"Job Function: Research, Teaching & Training",Social Studies/RME Teacher (JHS),,Accra & Tema Region,Full Time,"Research, Teaching & Training",Confidential,[],[]
Social Studies/RME Teacher (JHS),https://www.jobberman.com.gh/listings/social-studiesrme-teacher-jhs-xpr8rw,Social Studies/RME Teacher (JHS),https://www.jobberman.com.gh/jobs?q=Social%20Studies/RME%20Teacher%20(JHS),,Social Studies/RME Teacher (JHS),,,Full Time,,,[],[]
Area Sales Executive (Bolgatanga),https://www.jobberman.com.gh/listings/area-sales-executive-bolgatanga-np696g,Area Sales Executive (Bolgatanga),https://www.jobberman.com.gh/jobs?q=Area%20Sales%20Executive%20(Bolgatanga),Job Function: Sales,Area Sales Executive (Bolgatanga),,Area Sales Executive (Bolgatanga),Full Time,Sales,Confidential,[],[]
Area Sales Executive (Bolgatanga),https://www.jobberman.com.gh/listings/area-sales-executive-bolgatanga-np696g,Area Sales Executive (Bolgatanga),https://www.jobberman.com.gh/jobs?q=Area%20Sales%20Executive%20(Bolgatanga),,Area Sales Executive (Bolgatanga),,Area Sales Executive (Bolgatanga),Full Time,,,[],[]
Area Sales Executive (Tamale),https://www.jobberman.com.gh/listings/area-sales-executive-tamale-9j7k70,Area Sales Executive (Tamale),https://www.jobberman.com.gh/jobs?q=Area%20Sales%20Executive%20(Tamale),Job Function: Sales,Area Sales Executive (Tamale),,Area Sales Executive (Tamale),Full Time,Sales,Confidential,[],[]
Area Sales Executive (Tamale),https://www.jobberman.com.gh/listings/area-sales-executive-tamale-9j7k70,Area Sales Executive (Tamale),https://www.jobberman.com.gh/jobs?q=Area%20Sales%20Executive%20(Tamale),,Area Sales Executive (Tamale),,Area Sales Executive (Tamale),Full Time,,,[],[]
Field Recruitment Lead,https://www.jobberman.com.gh/listings/field-recruitment-lead-ev4r4k,Field Recruitment Lead,https://www.jobberman.com.gh/jobs?q=Field%20Recruitment%20Lead,Job Function: Human Resources,Field Recruitment Lead,,Accra & Tema Region,Full Time,Human Resources,Confidential,[],[]
Field Recruitment Lead,https://www.jobberman.com.gh/listings/field-recruitment-lead-ev4r4k,Field Recruitment Lead,https://www.jobberman.com.gh/jobs?q=Field%20Recruitment%20Lead,,Field Recruitment Lead,,,Full Time,,,[],[]
Office Admin,https://www.jobberman.com.gh/listings/temporary-office-admin-xpr8p2,Office Admin,https://www.jobberman.com.gh/jobs?q=Office%20Admin,Job Function: Admin & Office,Office Admin,,Accra & Tema Region,Full Time,Admin & Office,Confidential,[],[]
Office Admin,https://www.jobberman.com.gh/listings/temporary-office-admin-xpr8p2,Office Admin,https://www.jobberman.com.gh/jobs?q=Office%20Admin,,Office Admin,,,Full Time,,,[],[]
"Training Program: Clam Processors on Marketing, Packaging, and Handling",https://www.jobberman.com.gh/listings/training-program-clam-processors-on-marketing-packaging-and-handling-vw8djk,Hen Mpoano,https://www.jobberman.com.gh/jobs?q=Hen%20Mpoano,Job Function: Consulting & Strategy,"Training Program: Clam Processors on Marketing, Packaging, and Handling",,Takoradi & Western Region,Full Time,Consulting & Strategy,Confidential,[],[]
"Training Program: Clam Processors on Marketing, Packaging, and Handling",https://www.jobberman.com.gh/listings/training-program-clam-processors-on-marketing-packaging-and-handling-vw8djk,,,,"Training Program: Clam Processors on Marketing, Packaging, and Handling",,,Full Time,,,[],[]
Accounts Receivables Officer,https://www.jobberman.com.gh/listings/accounts-receivables-officer-7w2j6x,Accounts Receivables Officer,https://www.jobberman.com.gh/jobs?q=Accounts%20Receivables%20Officer,"Job Function: Accounting, Auditing & Finance",Accounts Receivables Officer,,Accra & Tema Region,Full Time,"Accounting, Auditing & Finance",Confidential,[],[]
Accounts Receivables Officer,https://www.jobberman.com.gh/listings/accounts-receivables-officer-7w2j6x,Accounts Receivables Officer,https://www.jobberman.com.gh/jobs?q=Accounts%20Receivables%20Officer,,Accounts Receivables Officer,,,Full Time,,,[],[]
We are looking for ACCOUNTS RECEIVABLES OFFICER with strong experience and excellent references.,https://www.jobberman.com.gh/jobs?q=Stallion%20Tiger%20Security%20Company,,,,We are looking for ACCOUNTS RECEIVABLES OFFICER with strong experience and excellent references.,,,Full Time,,,['Experience Level: Mid level'],[]
Data Clerk/Engineering Document Clerk,https://www.jobberman.com.gh/listings/data-clerkengineering-document-clerk-jqk6p8,Data Clerk/Engineering Document Clerk,https://www.jobberman.com.gh/jobs?q=Data%20Clerk/Engineering%20Document%20Clerk,Job Function: Engineering & Technology,Data Clerk/Engineering Document Clerk,,Accra & Tema Region,Full Time,Engineering & Technology,Confidential,[],[]
Data Clerk/Engineering Document Clerk,https://www.jobberman.com.gh/listings/data-clerkengineering-document-clerk-jqk6p8,Data Clerk/Engineering Document Clerk,https://www.jobberman.com.gh/jobs?q=Data%20Clerk/Engineering%20Document%20Clerk,,Data Clerk/Engineering Document Clerk,,,Full Time,,,[],[]
"Sales Executives (Kumasi, Cape Coast and Accra)",https://www.jobberman.com.gh/listings/sales-executives-kumasi-cape-coast-and-accra-mg206w,Reputable African Firm,https://www.jobberman.com.gh/jobs?q=Reputable%20African%20Firm,Job Function: Sales,"Sales Executives (Kumasi, Cape Coast and Accra)",,"Sales Executives (Kumasi, Cape Coast and Accra)",Full Time,Sales,Confidential,[],[]
"Sales Executives (Kumasi, Cape Coast and Accra)",https://www.jobberman.com.gh/listings/sales-executives-kumasi-cape-coast-and-accra-mg206w,,,,"Sales Executives (Kumasi, Cape Coast and Accra)",,"Sales Executives (Kumasi, Cape Coast and Accra)",Full Time,,,[],[]
Dispatch Rider,https://www.jobberman.com.gh/listings/dispatch-rider-np697w,Dispatch Rider,https://www.jobberman.com.gh/jobs?q=Dispatch%20Rider,Job Function: Driver & Transport Services,Dispatch Rider,,Accra & Tema Region,Full Time,Driver & Transport Services,"GHS 1,200 - 1,500",[],[]
Dispatch Rider,https://www.jobberman.com.gh/listings/dispatch-rider-np697w,Dispatch Rider,https://www.jobberman.com.gh/jobs?q=Dispatch%20Rider,,Dispatch Rider,,,Full Time,,,[],[]
Senior Marketing Manager,https://www.jobberman.com.gh/listings/senior-marketing-manager-4nk5n2,Senior Marketing Manager,https://www.jobberman.com.gh/jobs?q=Senior%20Marketing%20Manager,Job Function: Marketing & Communications,Senior Marketing Manager,,Accra & Tema Region,Full Time,Marketing & Communications,Confidential,[],[]
Senior Marketing Manager,https://www.jobberman.com.gh/listings/senior-marketing-manager-4nk5n2,Senior Marketing Manager,https://www.jobberman.com.gh/jobs?q=Senior%20Marketing%20Manager,,Senior Marketing Manager,,,Full Time,,,[],[]
"School Vacancies(Teachers, Cleaners and Security)",https://www.jobberman.com.gh/listings/school-vacanciesteachers-cleaners-and-security-846m40,"School Vacancies(Teachers, Cleaners and Security)","https://www.jobberman.com.gh/jobs?q=School%20Vacancies(Teachers,%20Cleaners%20and%20Security)","Job Function: Research, Teaching & Training","School Vacancies(Teachers, Cleaners and Security)",,Accra & Tema Region,Full Time,"Research, Teaching & Training",Confidential,[],[]
"School Vacancies(Teachers, Cleaners and Security)",https://www.jobberman.com.gh/listings/school-vacanciesteachers-cleaners-and-security-846m40,"School Vacancies(Teachers, Cleaners and Security)","https://www.jobberman.com.gh/jobs?q=School%20Vacancies(Teachers,%20Cleaners%20and%20Security)",,"School Vacancies(Teachers, Cleaners and Security)",,"School Vacancies(Teachers, Cleaners and Security)",Full Time,,,[],[]
A Reputable School is looking for the following:,https://www.jobberman.com.gh/jobs?q=Rohi%20King%20Jesus%20School,,,,A Reputable School is looking for the following:,,A Reputable School is looking for the following:,Full Time,,,[],[]
Order By,https://www.jobberman.com.gh/jobs,Order By,https://www.jobberman.com.gh/jobs?q=Order%20By,,Order By,,,Full Time,,,[],[]
Companies Hiring,https://www.jobberman.com.gh/about,Companies Hiring,https://www.jobberman.com.gh/jobs?q=Companies%20Hiring,,Companies Hiring,,,Full Time,,,[],[]
Job Seekers,https://www.jobberman.com.gh,Job Seekers,https://www.jobberman.com.gh/jobs?q=Job%20Seekers,,Job Seekers,,,Full Time,,,[],[]
Job Seekers,https://www.jobberman.com.gh,Job Seekers,https://www.jobberman.com.gh/jobs?q=Job%20Seekers,,Job Seekers,,,Full Time,,,[],[]
Job Seekers,https://www.jobberman.com.gh/job-seeker,Job Seekers,https://www.jobberman.com.gh/jobs?q=Job%20Seekers,,Job Seekers,,,Full Time,,,[],[]
Job Seekers,https://www.jobberman.com.gh/job-seeker,Job Seekers,https://www.jobberman.com.gh/jobs?q=Job%20Seekers,,Job Seekers,,,Full Time,,,[],[]
Career,https://www.jobberman.com.gh/discover,Career Development,https://www.jobberman.com.gh/jobs?q=Career%20Development,,Career,,,Full Time,,,[],[]
Employers,https://www.jobberman.com.gh/employer,Skills Assessments,https://www.jobberman.com.gh/jobs?q=Skills%20Assessments,,Employers,,,Full Time,,,[],[]
Help Center,https://help-center.jobberman.com.gh/portal/en/home,Help Center,https://www.jobberman.com.gh/jobs?q=Help%20Center,,Help Center,,,Full Time,,,[],[]
Sign Up,https://www.jobberman.com.gh/account/login,Sign Up,https://www.jobberman.com.gh/jobs?q=Sign%20Up,,Sign Up,,,Full Time,,,[],[]
Sales Manager,https://www.jobberman.com.gh/listings/sales-manager-r89rqq,Sales Manager,https://www.jobberman.com.gh/jobs?q=Sales%20Manager,Job Function: Sales,Sales Manager,,Accra & Tema Region,Full Time,Sales,Confidential,[],[]
Sales Manager,https://www.jobberman.com.gh/listings/sales-manager-r89rqq,Sales Manager,https://www.jobberman.com.gh/jobs?q=Sales%20Manager,,Sales Manager,,,Full Time,,,[],[]
Engineer/ Technician Biomedical,https://www.jobberman.com.gh/listings/engineer-technician-biomedical-wp4pqk,Engineer/ Technician Biomedical,https://www.jobberman.com.gh/jobs?q=Engineer/%20Technician%20Biomedical,Job Function: Engineering & Technology,Engineer/ Technician Biomedical,,Accra & Tema Region,Full Time,Engineering & Technology,Confidential,[],[]
Engineer/ Technician Biomedical,https://www.jobberman.com.gh/listings/engineer-technician-biomedical-wp4pqk,Engineer/ Technician Biomedical,https://www.jobberman.com.gh/jobs?q=Engineer/%20Technician%20Biomedical,,Engineer/ Technician Biomedical,,,Full Time,,,[],[]
Regional Manager,https://www.jobberman.com.gh/listings/regional-manager-9j7j45,Sanford Health-Ghana,https://www.jobberman.com.gh/jobs?q=Sanford%20Health-Ghana,Job Function: Management & Business Development,Regional Manager,,Accra & Tema Region,Full Time,Management & Business Development,Confidential,[],[]
Regional Manager,https://www.jobberman.com.gh/listings/regional-manager-9j7j45,,,,Regional Manager,,,Full Time,,,[],[]
Sales Advisor,https://www.jobberman.com.gh/listings/financial-sales-advisor-r898g4,Sales Advisor,https://www.jobberman.com.gh/jobs?q=Sales%20Advisor,Job Function: Sales,Sales Advisor,,Accra & Tema Region,Full Time,Sales,Confidential,[],[]
Sales Advisor,https://www.jobberman.com.gh/listings/financial-sales-advisor-r898g4,Sales Advisor,https://www.jobberman.com.gh/jobs?q=Sales%20Advisor,,Sales Advisor,,,Full Time,,,[],[]
School Principal (Academic Lead),https://www.jobberman.com.gh/listings/school-principal-gwxwnr,School Principal (Academic Lead),https://www.jobberman.com.gh/jobs?q=School%20Principal%20(Academic%20Lead),"Job Function: Research, Teaching & Training",School Principal (Academic Lead),,Accra & Tema Region,Full Time,"Research, Teaching & Training","GHS 3,000 - 3,600",[],[]
School Principal (Academic Lead),https://www.jobberman.com.gh/listings/school-principal-gwxwnr,School Principal (Academic Lead),https://www.jobberman.com.gh/jobs?q=School%20Principal%20(Academic%20Lead),,School Principal (Academic Lead),,School Principal (Academic Lead),Full Time,,,[],[]
Graduate Trainees,https://www.jobberman.com.gh/listings/graduate-trainees-ev4v6d,Graduate Trainees,https://www.jobberman.com.gh/jobs?q=Graduate%20Trainees,Job Function: Admin & Office,Graduate Trainees,,Accra & Tema Region,Full Time,Admin & Office,Confidential,[],[]
Graduate Trainees,https://www.jobberman.com.gh/listings/graduate-trainees-ev4v6d,Graduate Trainees,https://www.jobberman.com.gh/jobs?q=Graduate%20Trainees,,Graduate Trainees,,,Full Time,,,[],[]
Business Manager – Bakery Factory,https://www.jobberman.com.gh/listings/business-manager-bakery-factory-5djde7,Business Manager – Bakery Factory,https://www.jobberman.com.gh/jobs?q=Business%20Manager%20–%20Bakery%20Factory,Job Function: Management & Business Development,Business Manager – Bakery Factory,,Accra & Tema Region,Full Time,Management & Business Development,Confidential,[],[]
Business Manager – Bakery Factory,https://www.jobberman.com.gh/listings/business-manager-bakery-factory-5djde7,Business Manager – Bakery Factory,https://www.jobberman.com.gh/jobs?q=Business%20Manager%20–%20Bakery%20Factory,,Business Manager – Bakery Factory,,,Full Time,,,[],[]
Caterer – Bakery Factory,https://www.jobberman.com.gh/listings/caterer-bakery-factory-d787v5,Caterer – Bakery Factory,https://www.jobberman.com.gh/jobs?q=Caterer%20–%20Bakery%20Factory,Job Function: Food Services & Catering,Caterer – Bakery Factory,,Accra & Tema Region,Full Time,Food Services & Catering,Confidential,[],[]
Caterer – Bakery Factory,https://www.jobberman.com.gh/listings/caterer-bakery-factory-d787v5,Caterer – Bakery Factory,https://www.jobberman.com.gh/jobs?q=Caterer%20–%20Bakery%20Factory,,Caterer – Bakery Factory,,,Full Time,,,[],[]
Sales and Marketing Executive,https://www.jobberman.com.gh/listings/sales-and-marketing-executive-xprprn,Sales and Marketing Executive,https://www.jobberman.com.gh/jobs?q=Sales%20and%20Marketing%20Executive,Job Function: Sales,Sales and Marketing Executive,,Accra & Tema Region,Full Time,Sales,Confidential,[],[]
Sales and Marketing Executive,https://www.jobberman.com.gh/listings/sales-and-marketing-executive-xprprn,Sales and Marketing Executive,https://www.jobberman.com.gh/jobs?q=Sales%20and%20Marketing%20Executive,,Sales and Marketing Executive,,,Full Time,,,[],[]
IT Technician,https://www.jobberman.com.gh/listings/it-technician-r89894,IT Technician,https://www.jobberman.com.gh/jobs?q=IT%20Technician,Job Function: Engineering & Technology,IT Technician,,Accra & Tema Region,Full Time,Engineering & Technology,Confidential,[],[]
IT Technician,https://www.jobberman.com.gh/listings/it-technician-r89894,IT Technician,https://www.jobberman.com.gh/jobs?q=IT%20Technician,,IT Technician,,,Full Time,,,[],[]
Principal,https://www.jobberman.com.gh/listings/academic-principal-pmvmev,Principal,https://www.jobberman.com.gh/jobs?q=Principal,"Job Function: Research, Teaching & Training",Principal,,Accra & Tema Region,Full Time,"Research, Teaching & Training",Confidential,[],[]
Principal,https://www.jobberman.com.gh/listings/academic-principal-pmvmev,Principal,https://www.jobberman.com.gh/jobs?q=Principal,,Principal,,,Full Time,,,[],[]
Full Stack Web Developer,https://www.jobberman.com.gh/listings/full-stack-web-developer-vw8wjv,Full Stack Web Developer,https://www.jobberman.com.gh/jobs?q=Full%20Stack%20Web%20Developer,Job Function: Software & Data,Full Stack Web Developer,,Accra & Tema Region,Full Time,Software & Data,Confidential,[],[]
Full Stack Web Developer,https://www.jobberman.com.gh/listings/full-stack-web-developer-vw8wjv,Full Stack Web Developer,https://www.jobberman.com.gh/jobs?q=Full%20Stack%20Web%20Developer,,Full Stack Web Developer,,,Full Time,,,[],[]
Administrative & Office Assistant - Multi-Task Role,https://www.jobberman.com.gh/listings/administrative-office-assistant-multi-task-role-ev4v76,"Real Bizness Solutions, LLC","https://www.jobberman.com.gh/jobs?q=Real%20Bizness%20Solutions,%20LLC",Job Function: Admin & Office,Administrative & Office Assistant - Multi-Task Role,,Accra & Tema Region,Full Time,Admin & Office,Confidential,[],[]
Administrative & Office Assistant - Multi-Task Role,https://www.jobberman.com.gh/listings/administrative-office-assistant-multi-task-role-ev4v76,,,,Administrative & Office Assistant - Multi-Task Role,,,Full Time,,,[],[]
Systems Administrator (With Accounting Background),https://www.jobberman.com.gh/listings/systems-administrator-with-accounting-background-jqkq2g,Systems Administrator (With Accounting Background),https://www.jobberman.com.gh/jobs?q=Systems%20Administrator%20(With%20Accounting%20Background),Job Function: Admin & Office,Systems Administrator (With Accounting Background),,Accra & Tema Region,Full Time,Admin & Office,Confidential,[],[]
Systems Administrator (With Accounting Background),https://www.jobberman.com.gh/listings/systems-administrator-with-accounting-background-jqkq2g,Systems Administrator (With Accounting Background),https://www.jobberman.com.gh/jobs?q=Systems%20Administrator%20(With%20Accounting%20Background),,Systems Administrator (With Accounting Background),,,Full Time,,,[],[]
Marketing Executives in Accra and Kumasi,https://www.jobberman.com.gh/listings/marketing-executives-in-accra-and-kumasi-gwxw8k,G-Maestro Limited,https://www.jobberman.com.gh/jobs?q=G-Maestro%20Limited,Job Function: Marketing & Communications,Marketing Executives in Accra and Kumasi,,Marketing Executives in Accra and Kumasi,Full Time,Marketing & Communications,GHS 500 - 900,[],[]
Marketing Executives in Accra and Kumasi,https://www.jobberman.com.gh/listings/marketing-executives-in-accra-and-kumasi-gwxw8k,,,,Marketing Executives in Accra and Kumasi,,Marketing Executives in Accra and Kumasi,Full Time,,,[],[]
Study Abroad Consultants in Accra & Kumasi,https://www.jobberman.com.gh/listings/study-abroad-consultants-in-accra-kumasi-np6pw9,G-Maestro Limited,https://www.jobberman.com.gh/jobs?q=G-Maestro%20Limited,Job Function: Consulting & Strategy,Study Abroad Consultants in Accra & Kumasi,,Study Abroad Consultants in Accra & Kumasi,Full Time,Consulting & Strategy,Confidential,[],[]
Study Abroad Consultants in Accra & Kumasi,https://www.jobberman.com.gh/listings/study-abroad-consultants-in-accra-kumasi-np6pw9,,,,Study Abroad Consultants in Accra & Kumasi,,Study Abroad Consultants in Accra & Kumasi,Full Time,,,[],[]
Order By,https://www.jobberman.com.gh/jobs?page=2,Order By,https://www.jobberman.com.gh/jobs?q=Order%20By,,Order By,,,Full Time,,,[],[]
Companies Hiring,https://www.jobberman.com.gh/about,Companies Hiring,https://www.jobberman.com.gh/jobs?q=Companies%20Hiring,,Companies Hiring,,,Full Time,,,[],[]
Job Seekers,https://www.jobberman.com.gh,Job Seekers,https://www.jobberman.com.gh/jobs?q=Job%20Seekers,,Job Seekers,,,Full Time,,,[],[]
Job Seekers,https://www.jobberman.com.gh,Job Seekers,https://www.jobberman.com.gh/jobs?q=Job%20Seekers,,Job Seekers,,,Full Time,,,[],[]
Job Seekers,https://www.jobberman.com.gh/job-seeker,Job Seekers,https://www.jobberman.com.gh/jobs?q=Job%20Seekers,,Job Seekers,,,Full Time,,,[],[]
Job Seekers,https://www.jobberman.com.gh/job-seeker,Job Seekers,https://www.jobberman.com.gh/jobs?q=Job%20Seekers,,Job Seekers,,,Full Time,,,[],[]
Career,https://www.jobberman.com.gh/discover,Career Development,https://www.jobberman.com.gh/jobs?q=Career%20Development,,Career,,,Full Time,,,[],[]
Employers,https://www.jobberman.com.gh/employer,Skills Assessments,https://www.jobberman.com.gh/jobs?q=Skills%20Assessments,,Employers,,,Full Time,,,[],[]
Help Center,https://help-center.jobberman.com.gh/portal/en/home,Help Center,https://www.jobberman.com.gh/jobs?q=Help%20Center,,Help Center,,,Full Time,,,[],[]
Sign Up,https://www.jobberman.com.gh/account/login,Sign Up,https://www.jobberman.com.gh/jobs?q=Sign%20Up,,Sign Up,,,Full Time,,,[],[]
Mathematics Facilitator (JHS),https://www.jobberman.com.gh/listings/mathematics-facilitator-jhs-07r7dw,Mathematics Facilitator (JHS),https://www.jobberman.com.gh/jobs?q=Mathematics%20Facilitator%20(JHS),"Job Function: Research, Teaching & Training",Mathematics Facilitator (JHS),,Accra & Tema Region,Full Time,"Research, Teaching & Training",Confidential,[],[]
Mathematics Facilitator (JHS),https://www.jobberman.com.gh/listings/mathematics-facilitator-jhs-07r7dw,Mathematics Facilitator (JHS),https://www.jobberman.com.gh/jobs?q=Mathematics%20Facilitator%20(JHS),,Mathematics Facilitator (JHS),,,Full Time,,,[],[]
Sales and Marketing Executive,https://www.jobberman.com.gh/listings/sales-and-marketing-executive-wp4pn6,Sales and Marketing Executive,https://www.jobberman.com.gh/jobs?q=Sales%20and%20Marketing%20Executive,Job Function: Sales,Sales and Marketing Executive,,Accra & Tema Region,Full Time,Sales,Confidential,[],[]
Sales and Marketing Executive,https://www.jobberman.com.gh/listings/sales-and-marketing-executive-wp4pn6,Sales and Marketing Executive,https://www.jobberman.com.gh/jobs?q=Sales%20and%20Marketing%20Executive,,Sales and Marketing Executive,,,Full Time,,,[],[]
Finance Officer (Kasoa),https://www.jobberman.com.gh/listings/finance-officer-4nknnz,Finance Officer (Kasoa),https://www.jobberman.com.gh/jobs?q=Finance%20Officer%20(Kasoa),"Job Function: Accounting, Auditing & Finance",Finance Officer (Kasoa),,Rest of Ghana (Central Region),Full Time,"Accounting, Auditing & Finance",Confidential,[],[]
Finance Officer (Kasoa),https://www.jobberman.com.gh/listings/finance-officer-4nknnz,Finance Officer (Kasoa),https://www.jobberman.com.gh/jobs?q=Finance%20Officer%20(Kasoa),,Finance Officer (Kasoa),,,Full Time,,,[],[]
Cashier(Kumasi),https://www.jobberman.com.gh/listings/cashier-846446,Izako Limited,https://www.jobberman.com.gh/jobs?q=Izako%20Limited,"Job Function: Accounting, Auditing & Finance",Cashier(Kumasi),,Cashier(Kumasi),Full Time,"Accounting, Auditing & Finance",Confidential,[],[]
Cashier(Kumasi),https://www.jobberman.com.gh/listings/cashier-846446,,,,Cashier(Kumasi),,Cashier(Kumasi),Full Time,,,[],[]
Sales and Marketing Officer,https://www.jobberman.com.gh/listings/sales-and-marketing-officer-wp4pp6,Sales and Marketing Officer,https://www.jobberman.com.gh/jobs?q=Sales%20and%20Marketing%20Officer,Job Function: Sales,Sales and Marketing Officer,,Accra & Tema Region,Full Time,Sales,Confidential,[],[]
Sales and Marketing Officer,https://www.jobberman.com.gh/listings/sales-and-marketing-officer-wp4pp6,Sales and Marketing Officer,https://www.jobberman.com.gh/jobs?q=Sales%20and%20Marketing%20Officer,,Sales and Marketing Officer,,,Full Time,,,[],[]
Sales Manager,https://www.jobberman.com.gh/listings/sales-manager-07r77x,Sales Manager,https://www.jobberman.com.gh/jobs?q=Sales%20Manager,Job Function: Sales,Sales Manager,,Accra & Tema Region,Full Time,Sales,Confidential,[],[]
Sales Manager,https://www.jobberman.com.gh/listings/sales-manager-07r77x,Sales Manager,https://www.jobberman.com.gh/jobs?q=Sales%20Manager,,Sales Manager,,,Full Time,,,[],[]
Business Development Manager,https://www.jobberman.com.gh/listings/business-development-manager-vw8ww5,Business Development Manager,https://www.jobberman.com.gh/jobs?q=Business%20Development%20Manager,Job Function: Management & Business Development,Business Development Manager,,Accra & Tema Region,Full Time,Management & Business Development,Confidential,[],[]
Business Development Manager,https://www.jobberman.com.gh/listings/business-development-manager-vw8ww5,Business Development Manager,https://www.jobberman.com.gh/jobs?q=Business%20Development%20Manager,,Business Development Manager,,,Full Time,,,[],[]
Business Advisor,https://www.jobberman.com.gh/listings/business-advisor-7w2wwm,Business Advisor,https://www.jobberman.com.gh/jobs?q=Business%20Advisor,Job Function: Management & Business Development,Business Advisor,,Accra & Tema Region,Full Time,Management & Business Development,Confidential,[],[]
Business Advisor,https://www.jobberman.com.gh/listings/business-advisor-7w2wwm,Business Advisor,https://www.jobberman.com.gh/jobs?q=Business%20Advisor,,Business Advisor,,,Full Time,,,[],[]
Human & Admin. Assistant,https://www.jobberman.com.gh/listings/human-admin-assistant-ev4vvx,Human & Admin. Assistant,https://www.jobberman.com.gh/jobs?q=Human%20&%20Admin.%20Assistant,Job Function: Admin & Office,Human & Admin. Assistant,,Accra & Tema Region,Full Time,Admin & Office,Confidential,[],[]
Human & Admin. Assistant,https://www.jobberman.com.gh/listings/human-admin-assistant-ev4vvx,Human & Admin. Assistant,https://www.jobberman.com.gh/jobs?q=Human%20&%20Admin.%20Assistant,,Human & Admin. Assistant,,,Full Time,,,[],[]
Sales & Marketing Representatives – Kumasi,https://www.jobberman.com.gh/listings/sales-marketing-representatives-kumasi-q2027e,Jay Distributions Enterprise,https://www.jobberman.com.gh/jobs?q=Jay%20Distributions%20Enterprise,Job Function: Admin & Office,Sales & Marketing Representatives – Kumasi,,Sales & Marketing Representatives – Kumasi,Full Time,Admin & Office,Confidential,[],[]
Sales & Marketing Representatives – Kumasi,https://www.jobberman.com.gh/listings/sales-marketing-representatives-kumasi-q2027e,,,,Sales & Marketing Representatives – Kumasi,,Sales & Marketing Representatives – Kumasi,Full Time,,,[],[]
Brand Campaign Coordinator,https://www.jobberman.com.gh/listings/brand-campaign-coordinator-vw8e2x,Brand Campaign Coordinator,https://www.jobberman.com.gh/jobs?q=Brand%20Campaign%20Coordinator,Job Function: Marketing & Communications,Brand Campaign Coordinator,,Accra & Tema Region,Full Time,Marketing & Communications,Confidential,[],[]
Brand Campaign Coordinator,https://www.jobberman.com.gh/listings/brand-campaign-coordinator-vw8e2x,Brand Campaign Coordinator,https://www.jobberman.com.gh/jobs?q=Brand%20Campaign%20Coordinator,,Brand Campaign Coordinator,,,Full Time,,,[],[]
Sales Executive – Nails and Binding Wires,https://www.jobberman.com.gh/listings/sales-executive-nails-and-binding-wires-zpmd7r,Star Steels,https://www.jobberman.com.gh/jobs?q=Star%20Steels,Job Function: Sales,Sales Executive – Nails and Binding Wires,,Accra & Tema Region,Full Time,Sales,Confidential,[],[]
Sales Executive – Nails and Binding Wires,https://www.jobberman.com.gh/listings/sales-executive-nails-and-binding-wires-zpmd7r,,,,Sales Executive – Nails and Binding Wires,,,Full Time,,,[],[]
Accounts and Social Media Officer,https://www.jobberman.com.gh/listings/accounts-and-social-media-officer-7w25zg,Accounts and Social Media Officer,https://www.jobberman.com.gh/jobs?q=Accounts%20and%20Social%20Media%20Officer,"Job Function: Accounting, Auditing & Finance",Accounts and Social Media Officer,,Accra & Tema Region,Full Time,"Accounting, Auditing & Finance",Confidential,[],[]
Accounts and Social Media Officer,https://www.jobberman.com.gh/listings/accounts-and-social-media-officer-7w25zg,Accounts and Social Media Officer,https://www.jobberman.com.gh/jobs?q=Accounts%20and%20Social%20Media%20Officer,,Accounts and Social Media Officer,,,Full Time,,,[],[]
Travel Consultant and Client Services Specialist,https://www.jobberman.com.gh/listings/administrative-and-client-services-specialist-6dpk9v,Travel Consultant and Client Services Specialist,https://www.jobberman.com.gh/jobs?q=Travel%20Consultant%20and%20Client%20Services%20Specialist,Job Function: Customer Service & Support,Travel Consultant and Client Services Specialist,,Accra & Tema Region,Full Time,Customer Service & Support,Confidential,[],[]
Travel Consultant and Client Services Specialist,https://www.jobberman.com.gh/listings/administrative-and-client-services-specialist-6dpk9v,Travel Consultant and Client Services Specialist,https://www.jobberman.com.gh/jobs?q=Travel%20Consultant%20and%20Client%20Services%20Specialist,,Travel Consultant and Client Services Specialist,,,Full Time,,,[],[]
Cleaning Supervisor,https://www.jobberman.com.gh/listings/office-assistant-cleaning-supervisor-zpmd9r,Cleaning Supervisor,https://www.jobberman.com.gh/jobs?q=Cleaning%20Supervisor,Job Function: Admin & Office,Cleaning Supervisor,,Accra & Tema Region,Full Time,Admin & Office,Confidential,[],[]
Cleaning Supervisor,https://www.jobberman.com.gh/listings/office-assistant-cleaning-supervisor-zpmd9r,Cleaning Supervisor,https://www.jobberman.com.gh/jobs?q=Cleaning%20Supervisor,,Cleaning Supervisor,,,Full Time,,,[],[]
Business Development Executive,https://www.jobberman.com.gh/listings/business-development-executive-7w257z,Business Development Executive,https://www.jobberman.com.gh/jobs?q=Business%20Development%20Executive,Job Function: Software & Data,Business Development Executive,,Accra & Tema Region,Full Time,Software & Data,"GHS 1,800 - 2,100",[],[]
Business Development Executive,https://www.jobberman.com.gh/listings/business-development-executive-7w257z,Business Development Executive,https://www.jobberman.com.gh/jobs?q=Business%20Development%20Executive,,Business Development Executive,,,Full Time,,,[],[]
Order By,https://www.jobberman.com.gh/jobs?page=3,Order By,https://www.jobberman.com.gh/jobs?q=Order%20By,,Order By,,,Full Time,,,[],[]
Companies Hiring,https://www.jobberman.com.gh/about,Companies Hiring,https://www.jobberman.com.gh/jobs?q=Companies%20Hiring,,Companies Hiring,,,Full Time,,,[],[]
Job Seekers,https://www.jobberman.com.gh,Job Seekers,https://www.jobberman.com.gh/jobs?q=Job%20Seekers,,Job Seekers,,,Full Time,,,[],[]
Job Seekers,https://www.jobberman.com.gh,Job Seekers,https://www.jobberman.com.gh/jobs?q=Job%20Seekers,,Job Seekers,,,Full Time,,,[],[]
Job Seekers,https://www.jobberman.com.gh/job-seeker,Job Seekers,https://www.jobberman.com.gh/jobs?q=Job%20Seekers,,Job Seekers,,,Full Time,,,[],[]
Job Seekers,https://www.jobberman.com.gh/job-seeker,Job Seekers,https://www.jobberman.com.gh/jobs?q=Job%20Seekers,,Job Seekers,,,Full Time,,,[],[]
Career,https://www.jobberman.com.gh/discover,Career Development,https://www.jobberman.com.gh/jobs?q=Career%20Development,,Career,,,Full Time,,,[],[]
Employers,https://www.jobberman.com.gh/employer,Skills Assessments,https://www.jobberman.com.gh/jobs?q=Skills%20Assessments,,Employers,,,Full Time,,,[],[]
Help Center,https://help-center.jobberman.com.gh/portal/en/home,Help Center,https://www.jobberman.com.gh/jobs?q=Help%20Center,,Help Center,,,Full Time,,,[],[]
Sign Up,https://www.jobberman.com.gh/account/login,Sign Up,https://www.jobberman.com.gh/jobs?q=Sign%20Up,,Sign Up,,,Full Time,,,[],[]
Logistics Manager,https://www.jobberman.com.gh/listings/logistics-manager-xpr26m,Logistics Manager,https://www.jobberman.com.gh/jobs?q=Logistics%20Manager,Job Function: Supply Chain & Procurement,Logistics Manager,,Accra & Tema Region,Full Time,Supply Chain & Procurement,Confidential,[],[]
Logistics Manager,https://www.jobberman.com.gh/listings/logistics-manager-xpr26m,Logistics Manager,https://www.jobberman.com.gh/jobs?q=Logistics%20Manager,,Logistics Manager,,,Full Time,,,[],[]
SHIFT CONSULTS AFRICA LTD,https://www.jobberman.com.gh/listings/chef-wp4z4d,SHIFT CONSULTS AFRICA LTD,https://www.jobberman.com.gh/jobs?q=SHIFT%20CONSULTS%20AFRICA%20LTD,Job Function: Food Services & Catering,SHIFT CONSULTS AFRICA LTD,,Accra & Tema Region,Full Time,Food Services & Catering,Confidential,[],[]
Restaurant Manager,https://www.jobberman.com.gh/listings/restaurant-manager-np6d6m,Restaurant Manager,https://www.jobberman.com.gh/jobs?q=Restaurant%20Manager,Job Function: Management & Business Development,Restaurant Manager,,Accra & Tema Region,Full Time,Management & Business Development,Confidential,[],[]
Restaurant Manager,https://www.jobberman.com.gh/listings/restaurant-manager-np6d6m,Restaurant Manager,https://www.jobberman.com.gh/jobs?q=Restaurant%20Manager,,Restaurant Manager,,,Full Time,,,[],[]
Teachers,https://www.jobberman.com.gh/listings/teachers-9j78wv,Scholars International School,https://www.jobberman.com.gh/jobs?q=Scholars%20International%20School,"Job Function: Research, Teaching & Training",Teachers,,Accra & Tema Region,Full Time,"Research, Teaching & Training","GHS 1,200 - 1,500",[],[]
Teachers,https://www.jobberman.com.gh/listings/teachers-9j78wv,,,,Teachers,,,Full Time,,,[],[]
Draw Manager,https://www.jobberman.com.gh/listings/lottery-draw-manager-q20d9w,Draw Manager,https://www.jobberman.com.gh/jobs?q=Draw%20Manager,Job Function: Management & Business Development,Draw Manager,,Accra & Tema Region,Full Time,Management & Business Development,Confidential,[],[]
Draw Manager,https://www.jobberman.com.gh/listings/lottery-draw-manager-q20d9w,Draw Manager,https://www.jobberman.com.gh/jobs?q=Draw%20Manager,,Draw Manager,,,Full Time,,,[],[]
Business Development Associate,https://www.jobberman.com.gh/listings/business-development-associate-k8jr5w,Business Development Associate,https://www.jobberman.com.gh/jobs?q=Business%20Development%20Associate,Job Function: Management & Business Development,Business Development Associate,,Remote (Work From Home),Part Time,Management & Business Development,Confidential,[],[]
Business Development Associate,https://www.jobberman.com.gh/listings/business-development-associate-k8jr5w,Business Development Associate,https://www.jobberman.com.gh/jobs?q=Business%20Development%20Associate,,Business Development Associate,,,Full Time,,,[],[]
Food and Beverages Staff,https://www.jobberman.com.gh/listings/food-and-beverages-staff-846vzr,Food and Beverages Staff,https://www.jobberman.com.gh/jobs?q=Food%20and%20Beverages%20Staff,Job Function: Customer Service & Support,Food and Beverages Staff,,Accra & Tema Region,Full Time,Customer Service & Support,Confidential,[],[]
Food and Beverages Staff,https://www.jobberman.com.gh/listings/food-and-beverages-staff-846vzr,Food and Beverages Staff,https://www.jobberman.com.gh/jobs?q=Food%20and%20Beverages%20Staff,,Food and Beverages Staff,,,Full Time,,,[],[]
Housekeeper,https://www.jobberman.com.gh/listings/housekeeper-wp4ez5,"Forest Hotel, Dodowa","https://www.jobberman.com.gh/jobs?q=Forest%20Hotel,%20Dodowa",Job Function: Hospitality & Leisure,Housekeeper,,Accra & Tema Region,Full Time,Hospitality & Leisure,Confidential,[],[]
Housekeeper,https://www.jobberman.com.gh/listings/housekeeper-wp4ez5,,,,Housekeeper,,Housekeeper,Full Time,,,[],[]
Sales Executive (Outdoor),https://www.jobberman.com.gh/listings/sales-executive-outdoor-k8jrmx,Sales Executive (Outdoor),https://www.jobberman.com.gh/jobs?q=Sales%20Executive%20(Outdoor),Job Function: Sales,Sales Executive (Outdoor),,Accra & Tema Region,Full Time,Sales,"GHS 4,200 - 4,800",[],[]
Sales Executive (Outdoor),https://www.jobberman.com.gh/listings/sales-executive-outdoor-k8jrmx,Sales Executive (Outdoor),https://www.jobberman.com.gh/jobs?q=Sales%20Executive%20(Outdoor),,Sales Executive (Outdoor),,,Full Time,,,[],[]
Driver (LPG gas Tanker),https://www.jobberman.com.gh/listings/driver-lpg-gas-tanker-6dpn7v,Driver (LPG gas Tanker),https://www.jobberman.com.gh/jobs?q=Driver%20(LPG%20gas%20Tanker),Job Function: Driver & Transport Services,Driver (LPG gas Tanker),,Rest of Ghana (Upper East Region),Full Time,Driver & Transport Services,"GHS 1,800 - 2,100",[],[]
Driver (LPG gas Tanker),https://www.jobberman.com.gh/listings/driver-lpg-gas-tanker-6dpn7v,Driver (LPG gas Tanker),https://www.jobberman.com.gh/jobs?q=Driver%20(LPG%20gas%20Tanker),,Driver (LPG gas Tanker),,,Full Time,,,[],[]
We want drivers for our small LPG gas tankers,https://www.jobberman.com.gh/company/salesteam-jobberman,,,,We want drivers for our small LPG gas tankers,,We want drivers for our small LPG gas tankers,Full Time,,,[],[]
Human Resource Manager,https://www.jobberman.com.gh/listings/human-resource-manager-20mke2,Human Resource Manager,https://www.jobberman.com.gh/jobs?q=Human%20Resource%20Manager,Job Function: Human Resources,Human Resource Manager,,Accra & Tema Region,Full Time,Human Resources,Confidential,[],[]
Human Resource Manager,https://www.jobberman.com.gh/listings/human-resource-manager-20mke2,Human Resource Manager,https://www.jobberman.com.gh/jobs?q=Human%20Resource%20Manager,,Human Resource Manager,,,Full Time,,,[],[]
Forklift (lift trucks) Sales Manager,https://www.jobberman.com.gh/listings/forklift-lift-trucks-sales-manager-pmvgzq,Forklift (lift trucks) Sales Manager,https://www.jobberman.com.gh/jobs?q=Forklift%20(lift%20trucks)%20Sales%20Manager,Job Function: Sales,Forklift (lift trucks) Sales Manager,,Accra & Tema Region,Full Time,Sales,Confidential,[],[]
Forklift (lift trucks) Sales Manager,https://www.jobberman.com.gh/listings/forklift-lift-trucks-sales-manager-pmvgzq,Forklift (lift trucks) Sales Manager,https://www.jobberman.com.gh/jobs?q=Forklift%20(lift%20trucks)%20Sales%20Manager,,Forklift (lift trucks) Sales Manager,,,Full Time,,,[],[]
Marketing and Sales Officer,https://www.jobberman.com.gh/listings/marketing-and-sales-officer-jqk68w,Marketing and Sales Officer,https://www.jobberman.com.gh/jobs?q=Marketing%20and%20Sales%20Officer,Job Function: Sales,Marketing and Sales Officer,,Accra & Tema Region,Full Time,Sales,Confidential,[],[]
Marketing and Sales Officer,https://www.jobberman.com.gh/listings/marketing-and-sales-officer-jqk68w,Marketing and Sales Officer,https://www.jobberman.com.gh/jobs?q=Marketing%20and%20Sales%20Officer,,Marketing and Sales Officer,,,Full Time,,,[],[]
ESL Online Teacher,https://www.jobberman.com.gh/listings/esl-online-teacher-mg20xj,ESL Online Teacher,https://www.jobberman.com.gh/jobs?q=ESL%20Online%20Teacher,"Job Function: Research, Teaching & Training",ESL Online Teacher,,Remote (Work From Home),Full Time,"Research, Teaching & Training","GHS 1,200 - 1,500",[],[]
ESL Online Teacher,https://www.jobberman.com.gh/listings/esl-online-teacher-mg20xj,ESL Online Teacher,https://www.jobberman.com.gh/jobs?q=ESL%20Online%20Teacher,,ESL Online Teacher,,,Full Time,,,[],[]
SHS Physics and Literature-in-English Teachers,https://www.jobberman.com.gh/listings/shs-physics-and-literature-in-english-teachers-6dpqpp,SHS Physics and Literature-in-English Teachers,https://www.jobberman.com.gh/jobs?q=SHS%20Physics%20and%20Literature-in-English%20Teachers,"Job Function: Research, Teaching & Training",SHS Physics and Literature-in-English Teachers,,Accra & Tema Region,Full Time,"Research, Teaching & Training","GHS 2,100 - 2,400",[],[]
SHS Physics and Literature-in-English Teachers,https://www.jobberman.com.gh/listings/shs-physics-and-literature-in-english-teachers-6dpqpp,SHS Physics and Literature-in-English Teachers,https://www.jobberman.com.gh/jobs?q=SHS%20Physics%20and%20Literature-in-English%20Teachers,,SHS Physics and Literature-in-English Teachers,,,Full Time,,,[],[]
Teachers are needed for SHS Physics and Literature in English,https://www.jobberman.com.gh/jobs?q=Easy%20School,,,,Teachers are needed for SHS Physics and Literature in English,,,Full Time,,,[],[]
Backend Software Developer (.NET Core) Hybrid/Remote,https://www.jobberman.com.gh/listings/backend-software-developer-net-core-hybridremote-r89rpn,Backend Software Developer (.NET Core) Hybrid/Remote,https://www.jobberman.com.gh/jobs?q=Backend%20Software%20Developer%20(.NET%20Core)%20Hybrid/Remote,Job Function: Software & Data,Backend Software Developer (.NET Core) Hybrid/Remote,,Remote (Work From Home),Full Time,Software & Data,"GHS 7,200 - 8,400",[],[]
Backend Software Developer (.NET Core) Hybrid/Remote,https://www.jobberman.com.gh/listings/backend-software-developer-net-core-hybridremote-r89rpn,Backend Software Developer (.NET Core) Hybrid/Remote,https://www.jobberman.com.gh/jobs?q=Backend%20Software%20Developer%20(.NET%20Core)%20Hybrid/Remote,,Backend Software Developer (.NET Core) Hybrid/Remote,,Backend Software Developer (,Full Time,,,[],[]
Order By,https://www.jobberman.com.gh/jobs?page=4,Order By,https://www.jobberman.com.gh/jobs?q=Order%20By,,Order By,,,Full Time,,,[],[]
Companies Hiring,https://www.jobberman.com.gh/about,Companies Hiring,https://www.jobberman.com.gh/jobs?q=Companies%20Hiring,,Companies Hiring,,,Full Time,,,[],[]
Job Seekers,https://www.jobberman.com.gh,Job Seekers,https://www.jobberman.com.gh/jobs?q=Job%20Seekers,,Job Seekers,,,Full Time,,,[],[]
Job Seekers,https://www.jobberman.com.gh,Job Seekers,https://www.jobberman.com.gh/jobs?q=Job%20Seekers,,Job Seekers,,,Full Time,,,[],[]
Job Seekers,https://www.jobberman.com.gh/job-seeker,Job Seekers,https://www.jobberman.com.gh/jobs?q=Job%20Seekers,,Job Seekers,,,Full Time,,,[],[]
Job Seekers,https://www.jobberman.com.gh/job-seeker,Job Seekers,https://www.jobberman.com.gh/jobs?q=Job%20Seekers,,Job Seekers,,,Full Time,,,[],[]
Career,https://www.jobberman.com.gh/discover,Career Development,https://www.jobberman.com.gh/jobs?q=Career%20Development,,Career,,,Full Time,,,[],[]
Employers,https://www.jobberman.com.gh/employer,Skills Assessments,https://www.jobberman.com.gh/jobs?q=Skills%20Assessments,,Employers,,,Full Time,,,[],[]
Help Center,https://help-center.jobberman.com.gh/portal/en/home,Help Center,https://www.jobberman.com.gh/jobs?q=Help%20Center,,Help Center,,,Full Time,,,[],[]
Sign Up,https://www.jobberman.com.gh/account/login,Sign Up,https://www.jobberman.com.gh/jobs?q=Sign%20Up,,Sign Up,,,Full Time,,,[],[]
Sales Person (Female),https://www.jobberman.com.gh/listings/sales-person-female-4nk5z5,Sales Person (Female),https://www.jobberman.com.gh/jobs?q=Sales%20Person%20(Female),Job Function: Sales,Sales Person (Female),,Accra & Tema Region,Full Time,Sales,Confidential,[],[]
Sales Person (Female),https://www.jobberman.com.gh/listings/sales-person-female-4nk5z5,Sales Person (Female),https://www.jobberman.com.gh/jobs?q=Sales%20Person%20(Female),,Sales Person (Female),,,Full Time,,,[],[]
Accounts Executive,https://www.jobberman.com.gh/listings/accounts-executive-846me4,Accounts Executive,https://www.jobberman.com.gh/jobs?q=Accounts%20Executive,"Job Function: Accounting, Auditing & Finance",Accounts Executive,,Accra & Tema Region,Full Time,"Accounting, Auditing & Finance",Confidential,[],[]
Accounts Executive,https://www.jobberman.com.gh/listings/accounts-executive-846me4,Accounts Executive,https://www.jobberman.com.gh/jobs?q=Accounts%20Executive,,Accounts Executive,,,Full Time,,,[],[]
Tools and Stock Keeper(Male),https://www.jobberman.com.gh/listings/tools-and-stock-keeper-5djpjn,Tools and Stock Keeper(Male),https://www.jobberman.com.gh/jobs?q=Tools%20and%20Stock%20Keeper(Male),Job Function: Supply Chain & Procurement,Tools and Stock Keeper(Male),,Accra & Tema Region,Full Time,Supply Chain & Procurement,Confidential,[],[]
Tools and Stock Keeper(Male),https://www.jobberman.com.gh/listings/tools-and-stock-keeper-5djpjn,Tools and Stock Keeper(Male),https://www.jobberman.com.gh/jobs?q=Tools%20and%20Stock%20Keeper(Male),,Tools and Stock Keeper(Male),,,Full Time,,,[],[]
Front Desk/Data Entry Officer,https://www.jobberman.com.gh/listings/front-deskdata-entry-officer-d7898m,Front Desk/Data Entry Officer,https://www.jobberman.com.gh/jobs?q=Front%20Desk/Data%20Entry%20Officer,Job Function: Admin & Office,Front Desk/Data Entry Officer,,Accra & Tema Region,Full Time,Admin & Office,Confidential,[],[]
Front Desk/Data Entry Officer,https://www.jobberman.com.gh/listings/front-deskdata-entry-officer-d7898m,Front Desk/Data Entry Officer,https://www.jobberman.com.gh/jobs?q=Front%20Desk/Data%20Entry%20Officer,,Front Desk/Data Entry Officer,,,Full Time,,,[],[]
Sales Officer (Vegetables),https://www.jobberman.com.gh/listings/sales-officer-vegetables-k8j7j2,Sales Officer (Vegetables),https://www.jobberman.com.gh/jobs?q=Sales%20Officer%20(Vegetables),Job Function: Sales,Sales Officer (Vegetables),,Accra & Tema Region,Full Time,Sales,"GHS 3,000 - 3,600",[],[]
Sales Officer (Vegetables),https://www.jobberman.com.gh/listings/sales-officer-vegetables-k8j7j2,Sales Officer (Vegetables),https://www.jobberman.com.gh/jobs?q=Sales%20Officer%20(Vegetables),,Sales Officer (Vegetables),,,Full Time,,,[],[]
Sales Executive,https://www.jobberman.com.gh/listings/sales-executive-gwxmx8,Sales Executive,https://www.jobberman.com.gh/jobs?q=Sales%20Executive,Job Function: Sales,Sales Executive,,Accra & Tema Region,Full Time,Sales,"GHS 900 - 1,200",[],[]
Sales Executive,https://www.jobberman.com.gh/listings/sales-executive-gwxmx8,Sales Executive,https://www.jobberman.com.gh/jobs?q=Sales%20Executive,,Sales Executive,,,Full Time,,,[],[]
Receptionist & Client Service Officer,https://www.jobberman.com.gh/listings/receptionist-client-service-officer-mg202j,Receptionist & Client Service Officer,https://www.jobberman.com.gh/jobs?q=Receptionist%20&%20Client%20Service%20Officer,Job Function: Customer Service & Support,Receptionist & Client Service Officer,,Accra & Tema Region,Full Time,Customer Service & Support,Confidential,[],[]
Receptionist & Client Service Officer,https://www.jobberman.com.gh/listings/receptionist-client-service-officer-mg202j,Receptionist & Client Service Officer,https://www.jobberman.com.gh/jobs?q=Receptionist%20&%20Client%20Service%20Officer,,Receptionist & Client Service Officer,,,Full Time,,,[],[]
Area Sales Executive (Kumasi),https://www.jobberman.com.gh/listings/area-sales-executive-kumasi-07rkjm,Jobberman's Client Jobs,https://www.jobberman.com.gh/jobs?q=Jobberman's%20Client%20Jobs,Job Function: Sales,Area Sales Executive (Kumasi),,Area Sales Executive (Kumasi),Full Time,Sales,Confidential,[],[]
Area Sales Executive (Kumasi),https://www.jobberman.com.gh/listings/area-sales-executive-kumasi-07rkjm,,,,Area Sales Executive (Kumasi),,Area Sales Executive (Kumasi),Full Time,,,[],[]
Area Sales Executive (Tema),https://www.jobberman.com.gh/listings/area-sales-executive-tema-vw8d62,Area Sales Executive (Tema),https://www.jobberman.com.gh/jobs?q=Area%20Sales%20Executive%20(Tema),Job Function: Sales,Area Sales Executive (Tema),,Accra & Tema Region,Full Time,Sales,Confidential,[],[]
Area Sales Executive (Tema),https://www.jobberman.com.gh/listings/area-sales-executive-tema-vw8d62,Area Sales Executive (Tema),https://www.jobberman.com.gh/jobs?q=Area%20Sales%20Executive%20(Tema),,Area Sales Executive (Tema),,Area Sales Executive (Tema),Full Time,,,[],[]
Brand Communications Associate,https://www.jobberman.com.gh/listings/brand-communications-associate-6dpq9p,Brand Communications Associate,https://www.jobberman.com.gh/jobs?q=Brand%20Communications%20Associate,Job Function: Marketing & Communications,Brand Communications Associate,,Accra & Tema Region,Full Time,Marketing & Communications,Confidential,[],[]
Brand Communications Associate,https://www.jobberman.com.gh/listings/brand-communications-associate-6dpq9p,Brand Communications Associate,https://www.jobberman.com.gh/jobs?q=Brand%20Communications%20Associate,,Brand Communications Associate,,,Full Time,,,[],[]
Operations Associate,https://www.jobberman.com.gh/listings/operations-associate-xpr8vv,Operations Associate,https://www.jobberman.com.gh/jobs?q=Operations%20Associate,Job Function: Admin & Office,Operations Associate,,Accra & Tema Region,Full Time,Admin & Office,Confidential,[],[]
Operations Associate,https://www.jobberman.com.gh/listings/operations-associate-xpr8vv,Operations Associate,https://www.jobberman.com.gh/jobs?q=Operations%20Associate,,Operations Associate,,,Full Time,,,[],[]
Sales Personnel,https://www.jobberman.com.gh/listings/sales-personnel-r89rex,Sales Personnel,https://www.jobberman.com.gh/jobs?q=Sales%20Personnel,Job Function: Sales,Sales Personnel,,Accra & Tema Region,Full Time,Sales,Confidential,[],[]
Sales Personnel,https://www.jobberman.com.gh/listings/sales-personnel-r89rex,Sales Personnel,https://www.jobberman.com.gh/jobs?q=Sales%20Personnel,,Sales Personnel,,,Full Time,,,[],[]
IT Solutions Sales Manager,https://www.jobberman.com.gh/listings/it-service-sales-manager-4nk5v9,IT Solutions Sales Manager,https://www.jobberman.com.gh/jobs?q=IT%20Solutions%20Sales%20Manager,Job Function: Sales,IT Solutions Sales Manager,,Accra & Tema Region,Full Time,Sales,Confidential,[],[]
IT Solutions Sales Manager,https://www.jobberman.com.gh/listings/it-service-sales-manager-4nk5v9,IT Solutions Sales Manager,https://www.jobberman.com.gh/jobs?q=IT%20Solutions%20Sales%20Manager,,IT Solutions Sales Manager,,,Full Time,,,[],[]
Loan Officer,https://www.jobberman.com.gh/listings/loan-officer-846mwr,Loan Officer,https://www.jobberman.com.gh/jobs?q=Loan%20Officer,"Job Function: Accounting, Auditing & Finance",Loan Officer,,Accra & Tema Region,Full Time,"Accounting, Auditing & Finance",Confidential,[],[]
Loan Officer,https://www.jobberman.com.gh/listings/loan-officer-846mwr,Loan Officer,https://www.jobberman.com.gh/jobs?q=Loan%20Officer,,Loan Officer,,,Full Time,,,[],[]
Female Sales Persons Wanted,https://www.jobberman.com.gh/listings/female-sales-persons-wanted-4nk5g9,Female Sales Persons Wanted,https://www.jobberman.com.gh/jobs?q=Female%20Sales%20Persons%20Wanted,Job Function: Sales,Female Sales Persons Wanted,,Accra & Tema Region,Full Time,Sales,Confidential,[],[]
Female Sales Persons Wanted,https://www.jobberman.com.gh/listings/female-sales-persons-wanted-4nk5g9,Female Sales Persons Wanted,https://www.jobberman.com.gh/jobs?q=Female%20Sales%20Persons%20Wanted,,Female Sales Persons Wanted,,Female Sales Persons Wanted,Full Time,,,[],[]
Software & Training Manager,https://www.jobberman.com.gh/listings/software-training-manager-q20zrk,Software & Training Manager,https://www.jobberman.com.gh/jobs?q=Software%20&%20Training%20Manager,Job Function: Software & Data,Software & Training Manager,,Software & Training Manager,Full Time,Software & Data,Confidential,[],[]
Software & Training Manager,https://www.jobberman.com.gh/listings/software-training-manager-q20zrk,Software & Training Manager,https://www.jobberman.com.gh/jobs?q=Software%20&%20Training%20Manager,,Software & Training Manager,,Software & Training Manager,Full Time,,,[],[]
Order By,https://www.jobberman.com.gh/jobs?page=5,Order By,https://www.jobberman.com.gh/jobs?q=Order%20By,,Order By,,,Full Time,,,[],[]
Companies Hiring,https://www.jobberman.com.gh/about,Companies Hiring,https://www.jobberman.com.gh/jobs?q=Companies%20Hiring,,Companies Hiring,,,Full Time,,,[],[]
